{"RuleTriggered": 0, "Violations": 392, "Details": {"low_gpu_utilization": 616, "bottlenecks": {"1667586962.004818": {"GPUs": 1, "CPUs": 4}, "1667586962.503808": {"GPUs": 1, "CPUs": 4}, "1667586963.005652": {"GPUs": 1, "CPUs": 4}, "1667586963.503116": {"GPUs": 1, "CPUs": 4}, "1667586964.003042": {"GPUs": 1, "CPUs": 4}, "1667586964.503022": {"GPUs": 1, "CPUs": 4}, "1667586965.00304": {"GPUs": 1, "CPUs": 4}, "1667586965.50302": {"GPUs": 1, "CPUs": 2}, "1667586966.002995": {"GPUs": 1, "CPUs": 2}, "1667586966.503025": {"GPUs": 1, "CPUs": 4}, "1667586967.003747": {"GPUs": 1, "CPUs": 4}, "1667586967.503044": {"GPUs": 1, "CPUs": 4}, "1667586968.00304": {"GPUs": 1, "CPUs": 4}, "1667586968.503009": {"GPUs": 1, "CPUs": 4}, "1667586969.003201": {"GPUs": 1, "CPUs": 2}, "1667586969.503019": {"GPUs": 1, "CPUs": 1}, "1667586970.005906": {"GPUs": 1, "CPUs": 1}, "1667586973.00608": {"GPUs": 1, "CPUs": 1}, "1667586973.503039": {"GPUs": 1, "CPUs": 3}, "1667586974.003855": {"GPUs": 1, "CPUs": 1}, "1667586974.506866": {"GPUs": 1, "CPUs": 1}, "1667586975.003077": {"GPUs": 1, "CPUs": 2}, "1667586975.503044": {"GPUs": 1, "CPUs": 1}, "1667586976.003015": {"GPUs": 1, "CPUs": 3}, "1667586976.50304": {"GPUs": 1, "CPUs": 2}, "1667586977.50379": {"GPUs": 1, "CPUs": 2}, "1667586978.003057": {"GPUs": 1, "CPUs": 3}, "1667586978.503864": {"GPUs": 1, "CPUs": 3}, "1667586979.003016": {"GPUs": 1, "CPUs": 2}, "1667586979.503088": {"GPUs": 1, "CPUs": 2}, "1667586980.007218": {"GPUs": 1, "CPUs": 4}, "1667586980.505022": {"GPUs": 1, "CPUs": 4}, "1667586981.003108": {"GPUs": 1, "CPUs": 3}, "1667586981.503005": {"GPUs": 1, "CPUs": 3}, "1667586982.003111": {"GPUs": 1, "CPUs": 2}, "1667586983.503042": {"GPUs": 1, "CPUs": 1}, "1667586984.007783": {"GPUs": 1, "CPUs": 3}, "1667586984.503042": {"GPUs": 1, "CPUs": 1}, "1667586985.003065": {"GPUs": 1, "CPUs": 3}, "1667586985.503082": {"GPUs": 1, "CPUs": 2}, "1667586986.004462": {"GPUs": 1, "CPUs": 3}, "1667586986.506114": {"GPUs": 1, "CPUs": 1}, "1667586987.503783": {"GPUs": 1, "CPUs": 2}, "1667586988.003013": {"GPUs": 1, "CPUs": 2}, "1667586988.503014": {"GPUs": 1, "CPUs": 2}, "1667586989.003024": {"GPUs": 1, "CPUs": 2}, "1667586989.503009": {"GPUs": 1, "CPUs": 2}, "1667586990.003051": {"GPUs": 1, "CPUs": 2}, "1667586990.503014": {"GPUs": 1, "CPUs": 1}, "1667586995.003015": {"GPUs": 1, "CPUs": 1}, "1667586997.003043": {"GPUs": 1, "CPUs": 2}, "1667586997.506306": {"GPUs": 1, "CPUs": 3}, "1667586998.003041": {"GPUs": 1, "CPUs": 3}, "1667586998.503035": {"GPUs": 1, "CPUs": 2}, "1667586999.003134": {"GPUs": 1, "CPUs": 1}, "1667586999.503865": {"GPUs": 1, "CPUs": 1}, "1667587000.003043": {"GPUs": 1, "CPUs": 1}, "1667587000.503036": {"GPUs": 1, "CPUs": 1}, "1667587001.00307": {"GPUs": 1, "CPUs": 1}, "1667587001.503029": {"GPUs": 1, "CPUs": 2}, "1667587003.503248": {"GPUs": 1, "CPUs": 1}, "1667587007.50304": {"GPUs": 1, "CPUs": 1}, "1667587008.003028": {"GPUs": 1, "CPUs": 1}, "1667587008.503052": {"GPUs": 1, "CPUs": 2}, "1667587009.003036": {"GPUs": 1, "CPUs": 1}, "1667587010.003031": {"GPUs": 1, "CPUs": 1}, "1667587010.503037": {"GPUs": 1, "CPUs": 3}, "1667587011.003026": {"GPUs": 1, "CPUs": 2}, "1667587022.503368": {"GPUs": 1, "CPUs": 1}, "1667587023.503046": {"GPUs": 1, "CPUs": 1}, "1667587024.010237": {"GPUs": 1, "CPUs": 3}, "1667587024.503019": {"GPUs": 1, "CPUs": 1}, "1667587025.00382": {"GPUs": 1, "CPUs": 1}, "1667587025.503492": {"GPUs": 1, "CPUs": 1}, "1667587026.003039": {"GPUs": 1, "CPUs": 1}, "1667587027.503719": {"GPUs": 1, "CPUs": 1}, "1667587028.003027": {"GPUs": 1, "CPUs": 1}, "1667587028.503039": {"GPUs": 1, "CPUs": 1}, "1667587029.003959": {"GPUs": 1, "CPUs": 1}, "1667587029.503056": {"GPUs": 1, "CPUs": 1}, "1667587030.503024": {"GPUs": 1, "CPUs": 2}, "1667587031.003025": {"GPUs": 1, "CPUs": 2}, "1667587031.503042": {"GPUs": 1, "CPUs": 2}, "1667587032.503015": {"GPUs": 1, "CPUs": 1}, "1667587033.003046": {"GPUs": 1, "CPUs": 1}, "1667587033.503018": {"GPUs": 1, "CPUs": 1}, "1667587038.503049": {"GPUs": 1, "CPUs": 1}, "1667587039.003083": {"GPUs": 1, "CPUs": 1}, "1667587045.003048": {"GPUs": 1, "CPUs": 1}, "1667587046.503032": {"GPUs": 1, "CPUs": 1}, "1667587047.003028": {"GPUs": 1, "CPUs": 1}, "1667587047.503054": {"GPUs": 1, "CPUs": 2}, "1667587050.503026": {"GPUs": 1, "CPUs": 1}, "1667587051.003018": {"GPUs": 1, "CPUs": 1}, "1667587052.003011": {"GPUs": 1, "CPUs": 1}, "1667587053.003021": {"GPUs": 1, "CPUs": 1}, "1667587053.503027": {"GPUs": 1, "CPUs": 1}, "1667587054.003041": {"GPUs": 1, "CPUs": 1}, "1667587054.503001": {"GPUs": 1, "CPUs": 2}, "1667587055.003025": {"GPUs": 1, "CPUs": 2}, "1667587055.503012": {"GPUs": 1, "CPUs": 1}, "1667587056.003882": {"GPUs": 1, "CPUs": 1}, "1667587070.003031": {"GPUs": 1, "CPUs": 1}, "1667587071.003029": {"GPUs": 1, "CPUs": 1}, "1667587071.503024": {"GPUs": 1, "CPUs": 2}, "1667587072.003031": {"GPUs": 1, "CPUs": 1}, "1667587072.503044": {"GPUs": 1, "CPUs": 1}, "1667587076.003028": {"GPUs": 1, "CPUs": 1}, "1667587094.503012": {"GPUs": 1, "CPUs": 1}, "1667587095.503013": {"GPUs": 1, "CPUs": 1}, "1667587098.003022": {"GPUs": 1, "CPUs": 1}, "1667587099.003036": {"GPUs": 1, "CPUs": 1}, "1667587102.00304": {"GPUs": 1, "CPUs": 1}, "1667587106.00304": {"GPUs": 1, "CPUs": 1}, "1667587106.503023": {"GPUs": 1, "CPUs": 1}, "1667587108.003062": {"GPUs": 1, "CPUs": 1}, "1667587108.50304": {"GPUs": 1, "CPUs": 1}, "1667587109.503004": {"GPUs": 1, "CPUs": 1}, "1667587112.003936": {"GPUs": 1, "CPUs": 1}, "1667587112.503041": {"GPUs": 1, "CPUs": 1}, "1667587115.503033": {"GPUs": 1, "CPUs": 1}, "1667587116.003027": {"GPUs": 1, "CPUs": 1}, "1667587118.503011": {"GPUs": 1, "CPUs": 1}, "1667587119.003067": {"GPUs": 1, "CPUs": 1}, "1667587121.503019": {"GPUs": 1, "CPUs": 1}, "1667587122.003011": {"GPUs": 1, "CPUs": 1}, "1667587124.50303": {"GPUs": 1, "CPUs": 1}, "1667587125.50301": {"GPUs": 1, "CPUs": 1}, "1667587128.003031": {"GPUs": 1, "CPUs": 1}, "1667587128.503007": {"GPUs": 1, "CPUs": 1}, "1667587131.002972": {"GPUs": 1, "CPUs": 1}, "1667587131.503125": {"GPUs": 1, "CPUs": 1}, "1667587132.003038": {"GPUs": 1, "CPUs": 1}, "1667587132.503036": {"GPUs": 1, "CPUs": 1}, "1667587135.00305": {"GPUs": 1, "CPUs": 1}, "1667587135.503021": {"GPUs": 1, "CPUs": 1}, "1667587138.003031": {"GPUs": 1, "CPUs": 1}, "1667587140.503013": {"GPUs": 1, "CPUs": 1}, "1667587141.003045": {"GPUs": 1, "CPUs": 1}, "1667587141.503051": {"GPUs": 1, "CPUs": 1}, "1667587142.003022": {"GPUs": 1, "CPUs": 1}, "1667587144.003044": {"GPUs": 1, "CPUs": 1}, "1667587144.503008": {"GPUs": 1, "CPUs": 1}, "1667587145.503038": {"GPUs": 1, "CPUs": 1}, "1667587146.003041": {"GPUs": 1, "CPUs": 1}, "1667587146.503382": {"GPUs": 1, "CPUs": 1}, "1667587147.003024": {"GPUs": 1, "CPUs": 1}, "1667587149.503657": {"GPUs": 1, "CPUs": 1}, "1667587150.003035": {"GPUs": 1, "CPUs": 1}, "1667587150.503021": {"GPUs": 1, "CPUs": 1}, "1667587153.503037": {"GPUs": 1, "CPUs": 1}, "1667587156.003034": {"GPUs": 1, "CPUs": 1}, "1667587156.503023": {"GPUs": 1, "CPUs": 1}, "1667587159.002997": {"GPUs": 1, "CPUs": 1}, "1667587162.503019": {"GPUs": 1, "CPUs": 1}, "1667587163.503015": {"GPUs": 1, "CPUs": 1}, "1667587164.003049": {"GPUs": 1, "CPUs": 1}, "1667587166.50302": {"GPUs": 1, "CPUs": 1}, "1667587167.003656": {"GPUs": 1, "CPUs": 1}, "1667587170.003007": {"GPUs": 1, "CPUs": 1}, "1667587170.503067": {"GPUs": 1, "CPUs": 1}, "1667587172.003052": {"GPUs": 1, "CPUs": 1}, "1667587172.503042": {"GPUs": 1, "CPUs": 1}, "1667587173.503014": {"GPUs": 1, "CPUs": 1}, "1667587177.503029": {"GPUs": 1, "CPUs": 1}, "1667587181.003025": {"GPUs": 1, "CPUs": 1}, "1667587181.503015": {"GPUs": 1, "CPUs": 1}, "1667587183.503048": {"GPUs": 1, "CPUs": 1}, "1667587184.003039": {"GPUs": 1, "CPUs": 1}, "1667587186.503025": {"GPUs": 1, "CPUs": 1}, "1667587187.003021": {"GPUs": 1, "CPUs": 1}, "1667587187.503015": {"GPUs": 1, "CPUs": 1}, "1667587188.003019": {"GPUs": 1, "CPUs": 1}, "1667587190.503025": {"GPUs": 1, "CPUs": 1}, "1667587191.003017": {"GPUs": 1, "CPUs": 1}, "1667587192.003552": {"GPUs": 1, "CPUs": 1},