{"RuleTriggered": 0, "Violations": 83, "Details": {"low_gpu_utilization": 616, "bottlenecks": {"1667586966.002995": {"GPUs": 1, "CPUs": 3}, "1667586966.503025": {"GPUs": 1, "CPUs": 4}, "1667586967.003747": {"GPUs": 1, "CPUs": 4}, "1667586967.503044": {"GPUs": 1, "CPUs": 4}, "1667586968.00304": {"GPUs": 1, "CPUs": 4}, "1667586968.503009": {"GPUs": 1, "CPUs": 4}, "1667586969.003201": {"GPUs": 1, "CPUs": 2}, "1667586970.503026": {"GPUs": 1, "CPUs": 2}, "1667586976.003015": {"GPUs": 1, "CPUs": 4}, "1667586976.50304": {"GPUs": 1, "CPUs": 3}, "1667586987.003012": {"GPUs": 1, "CPUs": 1}, "1667586987.503783": {"GPUs": 1, "CPUs": 2}, "1667586988.003013": {"GPUs": 1, "CPUs": 2}, "1667586988.503014": {"GPUs": 1, "CPUs": 2}, "1667586989.003024": {"GPUs": 1, "CPUs": 2}, "1667586989.503009": {"GPUs": 1, "CPUs": 2}, "1667586990.003051": {"GPUs": 1, "CPUs": 2}, "1667586990.503014": {"GPUs": 1, "CPUs": 2}, "1667586999.003134": {"GPUs": 1, "CPUs": 2}, "1667586999.503865": {"GPUs": 1, "CPUs": 1}, "1667587000.003043": {"GPUs": 1, "CPUs": 2}, "1667587000.503036": {"GPUs": 1, "CPUs": 1}, "1667587001.00307": {"GPUs": 1, "CPUs": 1}, "1667587001.503029": {"GPUs": 1, "CPUs": 3}, "1667587007.50304": {"GPUs": 1, "CPUs": 1}, "1667587008.003028": {"GPUs": 1, "CPUs": 2}, "1667587008.503052": {"GPUs": 1, "CPUs": 2}, "1667587009.003036": {"GPUs": 1, "CPUs": 1}, "1667587010.503037": {"GPUs": 1, "CPUs": 3}, "1667587011.003026": {"GPUs": 1, "CPUs": 2}, "1667587026.003039": {"GPUs": 1, "CPUs": 1}, "1667587027.503719": {"GPUs": 1, "CPUs": 1}, "1667587028.003027": {"GPUs": 1, "CPUs": 1}, "1667587028.503039": {"GPUs": 1, "CPUs": 1}, "1667587029.003959": {"GPUs": 1, "CPUs": 3}, "1667587029.503056": {"GPUs": 1, "CPUs": 2}, "1667587030.003017": {"GPUs": 1, "CPUs": 1}, "1667587030.503024": {"GPUs": 1, "CPUs": 2}, "1667587031.003025": {"GPUs": 1, "CPUs": 2}, "1667587031.503042": {"GPUs": 1, "CPUs": 2}, "1667587032.003056": {"GPUs": 1, "CPUs": 2}, "1667587032.503015": {"GPUs": 1, "CPUs": 1}, "1667587033.003046": {"GPUs": 1, "CPUs": 2}, "1667587046.503032": {"GPUs": 1, "CPUs": 1}, "1667587047.003028": {"GPUs": 1, "CPUs": 2}, "1667587047.503054": {"GPUs": 1, "CPUs": 2}, "1667587050.503026": {"GPUs": 1, "CPUs": 1}, "1667587051.003018": {"GPUs": 1, "CPUs": 1}, "1667587051.503": {"GPUs": 1, "CPUs": 2}, "1667587052.003011": {"GPUs": 1, "CPUs": 1}, "1667587052.503019": {"GPUs": 1, "CPUs": 1}, "1667587053.003021": {"GPUs": 1, "CPUs": 1}, "1667587053.503027": {"GPUs": 1, "CPUs": 2}, "1667587054.003041": {"GPUs": 1, "CPUs": 2}, "1667587054.503001": {"GPUs": 1, "CPUs": 2}, "1667587055.003025": {"GPUs": 1, "CPUs": 2}, "1667587055.503012": {"GPUs": 1, "CPUs": 1}, "1667587056.003882": {"GPUs": 1, "CPUs": 2}, "1667587056.50314": {"GPUs": 1, "CPUs": 1}, "1667587070.003031": {"GPUs": 1, "CPUs": 1}, "1667587070.50302": {"GPUs": 1, "CPUs": 1}, "1667587071.003029": {"GPUs": 1, "CPUs": 2}, "1667587071.503024": {"GPUs": 1, "CPUs": 2}, "1667587072.003031": {"GPUs": 1, "CPUs": 3}, "1667587072.503044": {"GPUs": 1, "CPUs": 2}, "1667587073.003029": {"GPUs": 1, "CPUs": 2}, "1667587073.503034": {"GPUs": 1, "CPUs": 2}, "1667587074.003013": {"GPUs": 1, "CPUs": 2}, "1667587074.503041": {"GPUs": 1, "CPUs": 3}, "1667587075.003016": {"GPUs": 1, "CPUs": 2}, "1667587075.50302": {"GPUs": 1, "CPUs": 2}, "1667587076.003028": {"GPUs": 1, "CPUs": 3}, "1667587076.503046": {"GPUs": 1, "CPUs": 2}, "1667587077.003019": {"GPUs": 1, "CPUs": 2}, "1667587077.503028": {"GPUs": 1, "CPUs": 1}, "1667587079.003596": {"GPUs": 1, "CPUs": 1}, "1667587092.503018": {"GPUs": 1, "CPUs": 1}, "1667587094.003026": {"GPUs": 1, "CPUs": 1}, "1667587094.503012": {"GPUs": 1, "CPUs": 1}, "1667587096.003018": {"GPUs": 1, "CPUs": 1}, "1667587100.003013": {"GPUs": 1, "CPUs": 1}, "1667587102.00304": {"GPUs": 1, "CPUs": 1}, "1667587103.003038": {"GPUs": 1, "CPUs": 1}}}, "Datapoints": 1085, "RuleParameters": "threshold:50\nio_threshold:50\ngpu_threshold:10\npatience:1000"}